Date,DayOfWeek,StoreID,StoreName,City,State,Region,StoreType,SalesChannel,Category,Transactions,UnitsSold,GrossSales,Discounts,Returns,NetSales,COGS,Profit,AvgTicket,ProfitMarginPct
5/17/2025,Wednesday,101,Rio Grande Market,Albuquerque,NM,Southwest,Urban,In-Store,Grocery,232,587,9225.44,1067.3,284.07,7874.07,6118.08,1755.99,33.94,22.3
5/18/2025,Wednesday,102,High Desert Outlet,Santa Fe,NM,Southwest,Urban,In-Store,Electronics,239,565,9336.13,721.3,0,8614.83,5469.96,3144.87,36.05,36.51
5/19/2025,Wednesday,103,Mesa Valley Shop,Las Cruces,NM,Southwest,Suburban,In-Store,Home,134,369,3672.09,101.46,57.56,3513.07,1956.67,1556.4,26.22,44.3
5/20/2025,Wednesday,104,Sandia Plaza,Rio Rancho,NM,Southwest,Suburban,In-Store,Apparel,124,251,4616.43,239.97,55.78,4320.68,2661.64,1659.04,34.84,38.4
5/21/2025,Wednesday,105,Enchanted Circle Store,Taos,NM,Southwest,Rural,In-Store,Sports,94,194,3196.32,106.68,5.49,3084.15,2054.88,1029.27,32.81,33.37
5/22/2025,Wednesday,201,Lone Star Central,Austin,TX,South,Urban,In-Store,Electronics,224,665,8116.6,540,97.31,7479.29,4731.11,2748.18,33.39,36.74
5/23/2025,Wednesday,202,Bayou Retail Hub,Houston,TX,South,Urban,In-Store,Grocery,208,650,8303.34,142.06,68.34,8092.94,6163.15,1929.79,38.91,23.85
5/24/2025,Wednesday,203,Riverwalk Goods,San Antonio,TX,South,Urban,In-Store,Health,235,732,9775.87,438.19,116.41,9221.27,5933.84,3287.43,39.24,35.65
5/25/2025,Wednesday,301,Front Range Mart,Denver,CO,Mountain,Urban,In-Store,Grocery,208,521,5724.74,195.29,81.75,5447.7,4092.99,1354.71,26.19,24.87
5/26/2025,Wednesday,302,Pikes Peak Depot,Colorado Springs,CO,Mountain,Suburban,In-Store,Grocery,185,514,8091.73,80.92,187.88,7822.93,5404,2418.93,42.29,30.92
5/27/2025,Wednesday,401,Valley Sun Retail,Phoenix,AZ,Southwest,Urban,Online,Grocery,222,544,7950.52,82.47,236.76,7631.29,5248.02,2383.27,34.38,31.23
5/28/2025,Wednesday,402,Canyon Ridge Store,Tucson,AZ,Southwest,Suburban,Online,Health,147,322,4468.25,435.48,81.71,3951.06,2283.66,1667.4,26.88,42.2
5/29/2025,Thursday,101,Rio Grande Market,Albuquerque,NM,Southwest,Urban,In-Store,Grocery,222,684,6695.99,402.9,120.27,6172.82,4512.79,1660.03,27.81,26.89
5/30/2025,Thursday,102,High Desert Outlet,Santa Fe,NM,Southwest,Urban,In-Store,Home,226,427,7255.71,472.79,138.15,6644.77,4355.33,2289.44,29.4,34.45
5/31/2025,Thursday,103,Mesa Valley Shop,Las Cruces,NM,Southwest,Suburban,In-Store,Grocery,166,425,3097.95,214.39,48.34,2835.22,2006.95,828.27,17.08,29.21
6/1/2025,Thursday,104,Sandia Plaza,Rio Rancho,NM,Southwest,Suburban,In-Store,Grocery,221,553,7751.31,808.34,174.55,6768.42,5095.41,1673.01,30.63,24.72
6/2/2025,Thursday,105,Enchanted Circle Store,Taos,NM,Southwest,Rural,In-Store,Grocery,130,246,4369.51,593,22.26,3754.25,2774.73,979.52,28.88,26.09
6/3/2025,Thursday,201,Lone Star Central,Austin,TX,South,Urban,In-Store,Sports,205,374,7248.46,307.46,221.07,6719.93,3834.58,2885.35,32.78,42.94
6/4/2025,Thursday,202,Bayou Retail Hub,Houston,TX,South,Urban,Online,Grocery,200,487,8548.56,282.74,0,8265.82,6362.38,1903.44,41.33,23.03
6/5/2025,Thursday,203,Riverwalk Goods,San Antonio,TX,South,Urban,In-Store,Health,224,611,9322.3,798.53,167.52,8356.25,5573.46,2782.79,37.3,33.3
6/6/2025,Thursday,301,Front Range Mart,Denver,CO,Mountain,Urban,In-Store,Apparel,202,548,7482.88,363.44,251.86,6867.58,4008.2,2859.38,34,41.64
6/7/2025,Thursday,302,Pikes Peak Depot,Colorado Springs,CO,Mountain,Suburban,In-Store,Apparel,171,361,6747.46,667.33,129.06,5951.07,3780.4,2170.67,34.8,36.48
6/8/2025,Thursday,401,Valley Sun Retail,Phoenix,AZ,Southwest,Urban,Online,Health,213,473,6086.5,277.09,108.14,5701.27,3565.55,2135.72,26.77,37.46
6/9/2025,Thursday,402,Canyon Ridge Store,Tucson,AZ,Southwest,Suburban,In-Store,Sports,180,444,9575.79,362.67,189.84,9023.28,6253.94,2769.34,50.13,30.69
6/10/2025,Friday,101,Rio Grande Market,Albuquerque,NM,Southwest,Urban,Online,Health,214,632,8814.74,597.77,57.58,8159.39,4875.55,3283.84,38.13,40.25
6/11/2025,Friday,102,High Desert Outlet,Santa Fe,NM,Southwest,Urban,Online,Home,182,492,4831.09,210.08,79.89,4541.12,3172.01,1369.11,24.95,30.15
6/12/2025,Friday,103,Mesa Valley Shop,Las Cruces,NM,Southwest,Suburban,In-Store,Health,161,326,5831.97,506.35,7.13,5318.49,3571.46,1747.03,33.03,32.85
6/13/2025,Friday,104,Sandia Plaza,Rio Rancho,NM,Southwest,Suburban,Online,Health,136,388,8278.11,816.39,178.09,7283.63,4375.27,2908.36,53.56,39.93
6/14/2025,Friday,105,Enchanted Circle Store,Taos,NM,Southwest,Rural,In-Store,Grocery,75,186,1964.93,142.37,42.96,1779.6,1216.77,562.83,23.73,31.63
6/15/2025,Friday,201,Lone Star Central,Austin,TX,South,Urban,In-Store,Apparel,179,423,8021.18,389.36,174.83,7456.99,4196.81,3260.18,41.66,43.72
6/16/2025,Friday,202,Bayou Retail Hub,Houston,TX,South,Urban,In-Store,Health,221,502,12305.45,1095.4,0,11210.05,6620.93,4589.12,50.72,40.94
6/17/2025,Friday,203,Riverwalk Goods,San Antonio,TX,South,Urban,In-Store,Electronics,224,493,8221.96,700.1,194.51,7327.35,4548.78,2778.57,32.71,37.92
6/18/2025,Friday,301,Front Range Mart,Denver,CO,Mountain,Urban,In-Store,Electronics,208,472,10196.28,837.62,369.33,8989.33,5660.83,3328.5,43.22,37.03
6/19/2025,Friday,302,Pikes Peak Depot,Colorado Springs,CO,Mountain,Suburban,In-Store,Home,185,598,4989.36,415.69,113.49,4460.18,2518.55,1941.63,24.11,43.53
6/20/2025,Friday,401,Valley Sun Retail,Phoenix,AZ,Southwest,Urban,In-Store,Electronics,138,288,4743.49,154.48,50.28,4538.73,3064.11,1474.62,32.89,32.49
6/21/2025,Friday,402,Canyon Ridge Store,Tucson,AZ,Southwest,Suburban,In-Store,Grocery,163,518,5208.97,395.73,46.87,4766.37,3520.33,1246.04,29.24,26.14
6/22/2025,Saturday,101,Rio Grande Market,Albuquerque,NM,Southwest,Urban,In-Store,Sports,262,767,12814.48,421.15,172.77,12220.56,8380.89,3839.67,46.64,31.42
6/23/2025,Saturday,102,High Desert Outlet,Santa Fe,NM,Southwest,Urban,In-Store,Grocery,274,750,8345.19,436.61,196.08,7712.5,5781.86,1930.64,28.15,25.03
6/24/2025,Saturday,103,Mesa Valley Shop,Las Cruces,NM,Southwest,Suburban,In-Store,Sports,211,581,7900.27,702.25,177.54,7020.48,4295.78,2724.7,33.27,38.81
6/25/2025,Saturday,104,Sandia Plaza,Rio Rancho,NM,Southwest,Suburban,In-Store,Apparel,204,660,6140.83,389.76,159.59,5591.48,3708.17,1883.31,27.41,33.68
6/26/2025,Saturday,105,Enchanted Circle Store,Taos,NM,Southwest,Rural,In-Store,Sports,144,375,4532.11,275.06,82.67,4174.38,2654.97,1519.41,28.99,36.4
6/27/2025,Saturday,201,Lone Star Central,Austin,TX,South,Urban,In-Store,Health,256,560,13269.89,1389.93,304.1,11575.86,7737.8,3838.06,45.22,33.16
6/28/2025,Saturday,202,Bayou Retail Hub,Houston,TX,South,Urban,In-Store,Grocery,259,557,9848.65,489.33,66.43,9292.89,7026.83,2266.06,35.88,24.38
6/29/2025,Saturday,203,Riverwalk Goods,San Antonio,TX,South,Urban,In-Store,Grocery,251,549,9716.75,542.86,168.3,9005.59,7012.33,1993.26,35.88,22.13
6/30/2025,Saturday,301,Front Range Mart,Denver,CO,Mountain,Urban,In-Store,Grocery,223,422,6785.7,431.55,159.98,6194.17,4517.18,1676.99,27.78,27.07
7/1/2025,Saturday,302,Pikes Peak Depot,Colorado Springs,CO,Mountain,Suburban,In-Store,Apparel,184,476,5482.93,436.89,36.89,5009.15,3193.36,1815.79,27.22,36.25
7/2/2025,Saturday,401,Valley Sun Retail,Phoenix,AZ,Southwest,Urban,In-Store,Grocery,256,717,11121.79,644.66,191.75,10285.38,7563.72,2721.66,40.18,26.46
7/3/2025,Saturday,402,Canyon Ridge Store,Tucson,AZ,Southwest,Suburban,In-Store,Home,189,493,7030.84,946.32,51.51,6033.01,4133.66,1899.35,31.92,31.48
7/4/2025,Sunday,101,Rio Grande Market,Albuquerque,NM,Southwest,Urban,In-Store,Sports,314,689,9059.78,471.27,67.12,8521.39,5947.35,2574.04,27.14,30.21
7/5/2025,Sunday,102,High Desert Outlet,Santa Fe,NM,Southwest,Urban,In-Store,Sports,263,728,13836.43,595.62,275.61,12965.2,8730.51,4234.69,49.3,32.66
7/6/2025,Sunday,103,Mesa Valley Shop,Las Cruces,NM,Southwest,Suburban,Online,Sports,155,544,6171.14,345.12,0,5826.02,3940.24,1885.78,37.59,32.37
7/7/2025,Sunday,104,Sandia Plaza,Rio Rancho,NM,Southwest,Suburban,In-Store,Health,222,564,9039.98,634.22,139.85,8265.91,5717.65,2548.26,37.23,30.83
7/8/2025,Sunday,105,Enchanted Circle Store,Taos,NM,Southwest,Rural,Online,Home,100,291,2283.42,150.09,50.5,2082.83,1257.46,825.37,20.83,39.63
7/9/2025,Sunday,201,Lone Star Central,Austin,TX,South,Urban,In-Store,Home,231,638,7121.59,750.47,111.63,6259.49,3969.4,2290.09,27.1,36.59
7/10/2025,Sunday,202,Bayou Retail Hub,Houston,TX,South,Urban,In-Store,Electronics,253,780,10115.31,1123.4,258.79,8733.12,5698.33,3034.79,34.52,34.75
7/11/2025,Sunday,203,Riverwalk Goods,San Antonio,TX,South,Urban,In-Store,Health,215,530,9228.73,1096.91,11.07,8120.75,5623.04,2497.71,37.77,30.76
7/12/2025,Sunday,301,Front Range Mart,Denver,CO,Mountain,Urban,In-Store,Grocery,217,558,8333.54,575.17,16.29,7742.08,5364.39,2377.69,35.68,30.71
7/13/2025,Sunday,302,Pikes Peak Depot,Colorado Springs,CO,Mountain,Suburban,In-Store,Apparel,205,570,5332.68,363.26,130.92,4838.5,2786.24,2052.26,23.6,42.42
7/14/2025,Sunday,401,Valley Sun Retail,Phoenix,AZ,Southwest,Urban,In-Store,Grocery,246,542,8528.02,332.1,295.47,7900.45,6003.88,1896.57,32.12,24.01
7/15/2025,Sunday,402,Canyon Ridge Store,Tucson,AZ,Southwest,Suburban,Online,Health,189,425,6794.51,452.72,86.9,6254.89,4142.23,2112.66,33.09,33.78
7/16/2025,Monday,101,Rio Grande Market,Albuquerque,NM,Southwest,Urban,In-Store,Grocery,206,476,6871.44,68.71,216.1,6586.63,4645.18,1941.45,31.97,29.48
7/17/2025,Monday,102,High Desert Outlet,Santa Fe,NM,Southwest,Urban,In-Store,Home,213,615,8224.7,544.17,44.78,7635.75,4477.38,3158.37,35.85,41.36
7/18/2025,Monday,103,Mesa Valley Shop,Las Cruces,NM,Southwest,Suburban,In-Store,Health,141,266,4171.62,156.66,132.96,3882,2425.34,1456.66,27.53,37.52
7/19/2025,Monday,104,Sandia Plaza,Rio Rancho,NM,Southwest,Suburban,In-Store,Grocery,182,480,5029.2,,65.87,4767.78,3415.2,1352.58,26.2,28.37
7/20/2025,Monday,105,Enchanted Circle Store,Taos,NM,Southwest,Rural,In-Store,Grocery,118,419,2347.4,203.96,19.94,2123.5,1504.52,618.98,18,29.15
7/21/2025,Monday,201,Lone Star Central,Austin,TX,South,Urban,In-Store,Sports,207,543,6369.04,400.18,37.73,5931.13,4032.14,1898.99,28.65,32.02
7/22/2025,Monday,202,Bayou Retail Hub,Houston,TX,South,Urban,Online,Health,205,610,8248.06,335.48,0,7912.58,4573.92,3338.66,38.6,42.19
7/23/2025,Monday,203,Riverwalk Goods,San Antonio,TX,South,Urban,In-Store,Grocery,233,516,4894.29,380.74,29.15,4484.4,3310.04,1174.36,19.25,26.19
7/24/2025,Monday,301,Front Range Mart,Denver,CO,Mountain,Urban,In-Store,Grocery,218,434,6465.85,461.8,162.05,5842,4370.69,1471.31,26.8,25.19
7/25/2025,Monday,302,Pikes Peak Depot,Colorado Springs,CO,Mountain,Suburban,In-Store,Health,145,415,6193.11,540.73,80.32,5572.06,3871.21,1700.85,38.43,30.52
7/26/2025,Monday,401,Valley Sun Retail,Phoenix,AZ,Southwest,Urban,In-Store,Grocery,229,526,8689.86,567.71,159.69,7962.46,5544.78,2417.68,34.77,30.36
7/27/2025,Monday,402,Canyon Ridge Store,Tucson,AZ,Southwest,Suburban,In-Store,Electronics,149,416,4488.24,431.47,52.69,4004.08,2794.82,1209.26,26.87,30.2
7/28/2025,Tuesday,101,Rio Grande Market,Albuquerque,NM,Southwest,Urban,In-Store,Electronics,169,354,3555.66,211.4,64.96,3279.3,2181.48,1097.82,19.4,33.48
7/29/2025,Tuesday,102,High Desert Outlet,Santa Fe,NM,Southwest,Urban,In-Store,Grocery,214,581,9420.61,241.57,249.06,8929.98,6781.45,2148.53,41.73,24.06
7/30/2025,Tuesday,103,Mesa Valley Shop,Las Cruces,NM,Southwest,Suburban,In-Store,Grocery,175,653,5884.86,455.76,137.14,5291.96,3900.12,1391.84,30.24,26.3
7/31/2025,Tuesday,104,Sandia Plaza,Rio Rancho,NM,Southwest,Suburban,In-Store,Health,138,391,5032.97,311.56,26.23,4695.18,2687.93,2007.25,34.02,42.75
8/1/2025,Tuesday,105,Enchanted Circle Store,Taos,NM,Southwest,Rural,In-Store,Grocery,113,241,3883.11,429.74,28.2,3425.17,2640.28,784.89,30.31,22.92
8/2/2025,Tuesday,201,Lone Star Central,Austin,TX,South,Urban,In-Store,Home,188,321,9421.41,738.63,35.28,8647.5,5549.26,3098.24,46,35.83
8/3/2025,Tuesday,202,Bayou Retail Hub,Houston,TX,South,Urban,In-Store,Electronics,222,657,8538.9,655.07,288.79,7595.04,5228.22,2366.82,34.21,31.16
8/4/2025,Tuesday,203,Riverwalk Goods,San Antonio,TX,South,Urban,Online,Home,253,532,9153.45,656.04,237.46,8259.95,5037.33,3222.62,32.65,39.02
8/5/2025,Tuesday,301,Front Range Mart,Denver,CO,Mountain,Urban,In-Store,Apparel,216,515,6280.13,127.83,13.19,6139.11,3792.94,2346.17,28.42,38.22
8/6/2025,Tuesday,302,Pikes Peak Depot,Colorado Springs,CO,Mountain,Suburban,In-Store,Sports,127,313,2762.32,27.62,39.94,2694.76,1628.6,1066.16,21.22,39.56
8/7/2025,Tuesday,401,Valley Sun Retail,Phoenix,AZ,Southwest,Urban,In-Store,Grocery,266,841,9451.18,347.84,384.98,8718.36,6582.33,2136.03,32.78,24.5
8/8/2025,Tuesday,402,Canyon Ridge Store,Tucson,AZ,Southwest,Suburban,In-Store,Home,161,434,4991,344.47,47.74,4598.79,2574.66,2024.13,28.56,44.01
8/9/2025,Wednesday,101,Rio Grande Market,Albuquerque,NM,Southwest,Urban,In-Store,Health,213,713,3856.87,396.27,44.64,3415.96,2363.56,1052.4,16.04,30.81
8/10/2025,Wednesday,102,High Desert Outlet,Santa Fe,NM,Southwest,Urban,In-Store,Grocery,210,398,6196.2,607.66,171.73,5416.81,3803.67,1613.14,25.79,29.78
8/11/2025,Wednesday,103,Mesa Valley Shop,Las Cruces,NM,Southwest,Suburban,In-Store,Apparel,178,362,5083.77,430.5,64.04,4589.23,3113.12,1476.11,25.78,32.16
8/12/2025,Wednesday,104,Sandia Plaza,Rio Rancho,NM,Southwest,Suburban,In-Store,Grocery,150,362,5985.35,525.47,71.25,5388.63,3710.35,1678.28,35.92,31.14
8/13/2025,Wednesday,105,Enchanted Circle Store,Taos,NM,Southwest,Rural,Online,Home,103,203,3501.77,225.7,27.86,3248.21,1917.12,1331.09,31.54,40.98
8/14/2025,Wednesday,201,Lone Star Central,Austin,TX,South,Urban,In-Store,Health,184,360,9148.25,698.29,128.38,8321.58,4751.76,3569.82,45.23,42.9
8/15/2025,Wednesday,202,Bayou Retail Hub,Houston,TX,South,Urban,In-Store,Apparel,219,690,7698.08,573.58,139.17,6985.33,4112.15,2873.18,31.9,41.13
8/16/2025,Wednesday,203,Riverwalk Goods,San Antonio,TX,South,Urban,Online,Grocery,177,475,6127.18,329.69,44.22,5753.27,4438.24,1315.03,32.5,22.86
8/17/2025,Wednesday,301,Front Range Mart,Denver,CO,Mountain,Urban,In-Store,Home,224,472,9085.62,171.92,159.55,8754.15,5688.06,3066.09,39.08,35.02
8/18/2025,Wednesday,302,Pikes Peak Depot,Colorado Springs,CO,Mountain,Suburban,In-Store,Grocery,184,309,4223.49,361.23,32.7,3829.56,2835.08,994.48,20.81,25.97
8/19/2025,Wednesday,401,Valley Sun Retail,Phoenix,AZ,Southwest,Urban,In-Store,Apparel,204,386,5718.86,2001.601,31.49,3685.77,2580.04,1105.73,18.07,30
8/20/2025,Wednesday,402,Canyon Ridge Store,Tucson,AZ,Southwest,Suburban,In-Store,Home,225,488,8325.25,439,135.04,7751.21,4957.1,2794.11,34.45,36.05
8/21/2025,Thursday,101,Rio Grande Market,Albuquerque,NM,Southwest,Urban,In-Store,Health,248,557,8800.85,1083.6,194.3,7522.95,4921.55,2601.4,30.33,34.58
8/22/2025,Thursday,102,High Desert Outlet,Santa Fe,NM,Southwest,Urban,In-Store,Grocery,205,596,4608.59,312.31,97.73,4198.55,3082.53,1116.02,20.48,26.58
8/23/2025,Thursday,103,Mesa Valley Shop,Las Cruces,NM,Southwest,Suburban,In-Store,Grocery,169,490,6457.1,661.36,92.33,5703.41,4441.63,1261.78,33.75,22.12
8/24/2025,Thursday,104,Sandia Plaza,Rio Rancho,NM,Southwest,Suburban,In-Store,Sports,118,332,4093.17,153.77,104.5,3834.9,2667.78,1167.12,32.5,30.43
8/25/2025,Thursday,105,Enchanted Circle Store,Taos,NM,Southwest,Rural,In-Store,Grocery,94,276,2832.16,200.78,45.2,2586.18,1789.78,796.4,27.51,30.79
8/26/2025,Thursday,201,Lone Star Central,Austin,TX,South,Urban,In-Store,Home,208,563,6841.76,440.57,72.54,6328.65,4231.39,2097.26,30.43,33.14
8/27/2025,Thursday,202,Bayou Retail Hub,Houston,TX,South,Urban,In-Store,Sports,245,455,8899.05,860.44,140.81,7897.8,5290.08,2607.72,32.24,33.02
8/28/2025,Thursday,203,Riverwalk Goods,San Antonio,TX,South,Urban,In-Store,Electronics,246,575,11777.88,667.04,347.85,10762.99,7410.42,3352.57,43.75,31.15
8/29/2025,Thursday,301,Front Range Mart,Denver,CO,Mountain,Urban,In-Store,Electronics,209,513,5135.53,217.95,75.25,4842.33,3300.33,1542,23.17,31.84
8/30/2025,Thursday,302,Pikes Peak Depot,Colorado Springs,CO,Mountain,Suburban,Online,Sports,165,510,5180.9,188.16,97.53,4895.21,2862.48,2032.73,29.67,41.52
8/31/2025,Thursday,401,Valley Sun Retail,Phoenix,AZ,Southwest,Urban,In-Store,Health,224,637,8304.58,1193.03,72.82,7038.73,4240.97,2797.76,31.42,39.75
9/1/2025,Thursday,402,Canyon Ridge Store,Tucson,AZ,Southwest,Suburban,In-Store,Grocery,146,483,4088.13,218.44,87.2,3782.49,2775.2,1007.29,25.91,26.63
9/2/2025,Friday,101,Rio Grande Market,Albuquerque,NM,Southwest,Urban,Online,Apparel,258,902,8388.78,489.64,149.81,7749.33,4902.45,2846.88,30.04,36.74
9/3/2025,Friday,102,High Desert Outlet,Santa Fe,NM,Southwest,Urban,In-Store,Grocery,228,572,6589.69,454.73,217.1,5917.86,4154.45,1763.41,25.96,29.8
9/4/2025,Friday,103,Mesa Valley Shop,Las Cruces,NM,Southwest,Suburban,In-Store,Apparel,147,398,4878.77,515.45,49.3,4314.02,2738.8,1575.22,29.35,36.51
9/5/2025,Friday,104,Sandia Plaza,Rio Rancho,NM,Southwest,Suburban,Online,Apparel,186,537,5760.05,544.98,115.62,5099.45,3324.95,1774.5,27.42,34.8
9/6/2025,Friday,105,Enchanted Circle Store,Taos,NM,Southwest,Rural,In-Store,Health,129,377,3699.6,275.26,69.13,3355.21,2100.76,1254.45,26.01,37.39
9/7/2025,Friday,201,Lone Star Central,Austin,TX,South,Urban,In-Store,Health,210,566,7454.55,666.17,273.08,6515.3,3687.97,2827.33,31.03,43.4
9/8/2025,Friday,202,Bayou Retail Hub,Houston,TX,South,Urban,In-Store,Grocery,226,765,8307.76,651.08,87.53,7569.15,5683.05,1886.1,33.49,24.92
9/9/2025,Friday,203,Riverwalk Goods,San Antonio,TX,South,Urban,In-Store,Apparel,224,597,6891.72,366.86,129.37,6395.49,3541.11,2854.38,28.55,44.63
9/10/2025,Friday,301,Front Range Mart,Denver,CO,Mountain,Urban,In-Store,Grocery,259,664,8579.96,1084.8,4.46,7490.7,5689.04,1801.66,28.92,24.05
9/11/2025,Friday,302,Pikes Peak Depot,Colorado Springs,CO,Mountain,Suburban,In-Store,Sports,105,219,4057.58,128.18,96.26,3833.14,2195.08,1638.06,36.51,42.73
9/12/2025,Friday,401,Valley Sun Retail,Phoenix,AZ,Southwest,Urban,In-Store,Health,236,601,11711.91,443.85,170.34,11097.72,6486.54,4611.18,47.02,41.55
9/13/2025,Friday,402,Canyon Ridge Store,Tucson,AZ,Southwest,Suburban,Online,Health,166,327,7136.48,572.93,139.64,6423.91,4347.17,2076.74,38.7,32.33
9/14/2025,Saturday,101,Rio Grande Market,Albuquerque,NM,Southwest,Urban,Online,Grocery,275,897,10313.25,941.29,84.94,9287.02,6771.72,2515.3,33.77,27.08
9/15/2025,Saturday,102,High Desert Outlet,Santa Fe,NM,Southwest,Urban,In-Store,Grocery,304,809,9564.05,541.46,0,9022.59,6200.73,2821.86,29.68,31.28
9/16/2025,Saturday,103,Mesa Valley Shop,Las Cruces,NM,Southwest,Suburban,In-Store,Grocery,177,245,4018.22,372.94,21.42,3623.86,2821.78,802.08,20.47,22.13
9/17/2025,Saturday,104,Sandia Plaza,Rio Rancho,NM,Southwest,Suburban,In-Store,Grocery,187,485,4748.94,300.95,72.51,4375.48,3201.85,1173.63,23.4,26.82
9/18/2025,Saturday,105,Enchanted Circle Store,Taos,NM,Southwest,Rural,In-Store,Grocery,105,237,2459.72,151.44,22.85,2285.43,1577.99,707.44,21.77,30.95
9/19/2025,Saturday,201,Lone Star Central,Austin,TX,South,Urban,In-Store,Apparel,273,900,12364.2,887.61,105.47,11371.12,7739.7,3631.42,41.65,31.94
9/20/2025,Saturday,202,Bayou Retail Hub,Houston,TX,South,Urban,In-Store,Electronics,281,819,12967.94,4538.779,365.36,8063.8,5644.66,2419.14,28.7,30
9/21/2025,Saturday,203,Riverwalk Goods,San Antonio,TX,South,Urban,In-Store,Health,264,915,9485.77,478.63,96.39,8910.75,5193.92,3716.83,33.75,41.71
9/22/2025,Saturday,301,Front Range Mart,Denver,CO,Mountain,Urban,In-Store,Grocery,272,629,9952.49,1336.3,153.07,8463.12,6330.61,2132.51,31.11,25.2
9/23/2025,Saturday,302,Pikes Peak Depot,Colorado Springs,CO,Mountain,Suburban,Online,Grocery,191,472,4164.61,231.15,128.02,3805.44,2728.9,1076.54,19.92,28.29
9/24/2025,Saturday,401,Valley Sun Retail,Phoenix,AZ,Southwest,Urban,In-Store,Grocery,265,827,13599.48,764.75,180.52,12654.21,9354.44,3299.77,47.75,26.08
9/25/2025,Saturday,402,Canyon Ridge Store,Tucson,AZ,Southwest,Suburban,In-Store,Grocery,210,701,8628.67,731.89,151.92,7744.86,5450.48,2294.38,36.88,29.62
9/26/2025,Sunday,101,Rio Grande Market,Albuquerque,NM,Southwest,Urban,In-Store,Grocery,258,822,10425.42,613.87,276.14,9535.41,6856.99,2678.42,36.96,28.09
9/27/2025,Sunday,102,High Desert Outlet,Santa Fe,NM,Southwest,Urban,In-Store,Grocery,216,421,9420.83,646.2,186.25,8588.38,5903.22,2685.16,39.76,31.27
9/28/2025,Sunday,103,Mesa Valley Shop,Las Cruces,NM,Southwest,Suburban,In-Store,Grocery,190,372,7404.18,408.62,222.18,6773.38,4719.43,2053.95,35.65,30.32
9/29/2025,Sunday,104,Sandia Plaza,Rio Rancho,NM,Southwest,Suburban,Online,Grocery,210,512,10287.96,1038.14,178.89,9070.93,6269.75,2801.18,43.19,30.88
9/30/2025,Sunday,105,Enchanted Circle Store,Taos,NM,Southwest,Rural,In-Store,Grocery,110,283,3531.54,252.71,78.85,3199.98,2338.3,861.68,29.09,26.93
10/1/2025,Sunday,201,Lone Star Central,Austin,TX,South,Urban,In-Store,Grocery,257,785,9979.92,1323.85,135.77,8520.3,5819.34,2700.96,33.15,31.7
10/2/2025,Sunday,202,Bayou Retail Hub,Houston,TX,South,Urban,Online,Health,287,596,11262.21,432.44,98.68,10731.09,6187.25,4543.84,37.39,42.34
10/3/2025,Sunday,203,Riverwalk Goods,San Antonio,TX,South,Urban,Online,Health,307,931,12494.23,1775.46,180.21,10538.56,6698.22,3840.34,34.33,36.44
10/4/2025,Sunday,301,Front Range Mart,Denver,CO,Mountain,Urban,In-Store,Sports,287,916,11976.96,427.7,215.9,11333.36,6315.31,5018.05,39.49,44.28
10/5/2025,Sunday,302,Pikes Peak Depot,Colorado Springs,CO,Mountain,Suburban,Online,Health,169,433,6134.4,726.38,119.84,5288.18,3229.07,2059.11,31.29,38.94
10/6/2025,Sunday,401,Valley Sun Retail,Phoenix,AZ,Southwest,Urban,Online,Home,289,574,11709.27,1065.96,158.07,10485.24,5775.94,4709.3,36.28,44.91
10/7/2025,Sunday,402,Canyon Ridge Store,Tucson,AZ,Southwest,Suburban,In-Store,Grocery,191,391,4463.22,179.68,0,4283.54,3072.69,1210.85,22.43,28.27
10/8/2025,Monday,101,Rio Grande Market,Albuquerque,NM,Southwest,Urban,In-Store,Grocery,261,810,8248.32,1134.75,0,7113.57,5079.98,2033.59,27.26,28.59
10/9/2025,Monday,102,High Desert Outlet,Santa Fe,NM,Southwest,Urban,In-Store,Health,277,527,6347.05,707.87,131,5508.18,3622.83,1885.35,19.89,34.23
10/10/2025,Monday,103,Mesa Valley Shop,Las Cruces,NM,Southwest,Suburban,In-Store,Home,178,487,6264.66,426.76,46.74,5791.16,3408.19,2382.97,32.53,41.15
10/11/2025,Monday,104,Sandia Plaza,Rio Rancho,NM,Southwest,Suburban,Online,Apparel,152,320,3856.83,376.23,0,3480.6,2056.66,1423.94,22.9,40.91
10/12/2025,Monday,105,Enchanted Circle Store,Taos,NM,Southwest,Rural,In-Store,Home,70,174,2266.71,92.82,20.37,2153.52,1267.31,886.21,30.76,41.15
10/13/2025,Monday,201,Lone Star Central,Austin,TX,South,Urban,Online,Sports,227,587,9221.41,680.14,98.72,8442.55,5405.27,3037.28,37.19,35.98
10/14/2025,Monday,202,Bayou Retail Hub,Houston,TX,South,Urban,In-Store,Health,221,579,6655.14,333.51,17.05,6304.58,3727.4,2577.18,28.53,40.88
10/15/2025,Monday,203,Riverwalk Goods,San Antonio,TX,South,Urban,In-Store,Home,202,495,8912.67,400.53,324.88,8187.26,4709.33,3477.93,40.53,42.48
10/16/2025,Monday,301,Front Range Mart,Denver,CO,Mountain,Urban,In-Store,Grocery,235,659,8226.82,543.84,202.7,7480.28,5379,2101.28,31.83,28.09
10/17/2025,Monday,302,Pikes Peak Depot,Colorado Springs,CO,Mountain,Suburban,Online,Electronics,215,549,10578.37,485.44,332.07,9760.86,6697.04,3063.82,45.4,31.39
10/18/2025,Monday,401,Valley Sun Retail,Phoenix,AZ,Southwest,Urban,In-Store,Grocery,234,798,8018.36,512.31,73.63,7432.42,5317.89,2114.53,31.76,28.45
10/19/2025,Monday,402,Canyon Ridge Store,Tucson,AZ,Southwest,Suburban,In-Store,Health,134,350,3810.89,293.49,0,3517.4,2277.98,1239.42,26.25,35.24
10/20/2025,Tuesday,101,Rio Grande Market,Albuquerque,NM,Southwest,Urban,Online,Home,170,473,7915.7,266.84,251.13,7397.73,4135.49,3262.24,43.52,44.1
10/21/2025,Tuesday,102,High Desert Outlet,Santa Fe,NM,Southwest,Urban,In-Store,Grocery,230,662,8579.83,644.18,7.4,7928.25,5748.28,2179.97,34.47,27.5
10/22/2025,Tuesday,103,Mesa Valley Shop,Las Cruces,NM,Southwest,Suburban,Online,Sports,141,453,5578.07,492.4,22.74,5062.93,3488.61,1574.32,35.91,31.1
10/23/2025,Tuesday,104,Sandia Plaza,Rio Rancho,NM,Southwest,Suburban,In-Store,Grocery,152,487,5230.64,396.28,62.29,4772.07,3639.21,1132.86,31.4,23.74
10/24/2025,Tuesday,105,Enchanted Circle Store,Taos,NM,Southwest,Rural,In-Store,Electronics,112,344,2838.66,85.34,0,2753.32,1799.75,953.57,24.58,34.63
10/25/2025,Tuesday,201,Lone Star Central,Austin,TX,South,Urban,Online,Electronics,232,648,12975.07,940.11,181.8,11853.16,8360.71,3492.45,51.09,29.46
10/26/2025,Tuesday,202,Bayou Retail Hub,Houston,TX,South,Urban,In-Store,Grocery,226,623,6860.88,684.45,139.72,6036.71,4693.91,1342.8,26.71,22.24
10/27/2025,Tuesday,203,Riverwalk Goods,San Antonio,TX,South,Urban,In-Store,Home,197,619,8123.95,562.58,188.29,7373.08,4901.04,2472.04,37.43,33.53
10/28/2025,Tuesday,301,Front Range Mart,Denver,CO,Mountain,Urban,In-Store,Sports,220,427,5784.34,351.94,90.04,5342.36,3284.88,2057.48,24.28,38.51
10/29/2025,Tuesday,302,Pikes Peak Depot,Colorado Springs,CO,Mountain,Suburban,In-Store,Home,173,455,3185.92,107.39,66.9,3011.63,1950.12,1061.51,17.41,35.25
10/30/2025,Tuesday,401,Valley Sun Retail,Phoenix,AZ,Southwest,Urban,Online,Apparel,214,715,7750.94,464.18,68.72,7218.04,4037.37,3180.67,33.73,44.07
10/31/2025,Tuesday,402,Canyon Ridge Store,Tucson,AZ,Southwest,Suburban,Online,Home,152,407,5077.07,500.02,0.77,4576.28,2809.44,1766.84,30.11,38.61
11/1/2025,Wednesday,101,Rio Grande Market,Albuquerque,NM,Southwest,Urban,Online,Grocery,185,460,5043.36,80.39,46.57,4916.4,3470.89,1445.51,26.58,29.4
11/2/2025,Wednesday,102,High Desert Outlet,Santa Fe,NM,Southwest,Urban,In-Store,Grocery,155,360,5893.08,409.81,122.53,5360.74,3939.05,1421.69,34.59,26.52
11/3/2025,Wednesday,103,Mesa Valley Shop,Las Cruces,NM,Southwest,Suburban,In-Store,Electronics,189,476,6092.16,255.88,80.85,5755.43,3725.7,2029.73,30.45,35.27
11/4/2025,Wednesday,104,Sandia Plaza,Rio Rancho,NM,Southwest,Suburban,Online,Apparel,202,673,6660.07,332.52,169.16,6158.39,3791.35,2367.04,30.49,38.44
11/5/2025,Wednesday,105,Enchanted Circle Store,Taos,NM,Southwest,Rural,In-Store,Grocery,111,261,4839.72,250.84,135.6,4453.28,3259.09,1194.19,40.12,26.82
11/6/2025,Wednesday,201,Lone Star Central,Austin,TX,South,Urban,In-Store,Grocery,259,732,8062.51,476.01,135.83,7450.67,5075.48,2375.19,28.77,31.88
11/7/2025,Wednesday,202,Bayou Retail Hub,Houston,TX,South,Urban,In-Store,Grocery,186,393,8215.19,413.17,220.64,7581.38,5171.22,2410.16,40.76,31.79
11/8/2025,Wednesday,203,Riverwalk Goods,San Antonio,TX,South,Urban,In-Store,Home,237,734,7013.33,423.04,87.61,6502.68,4332.05,2170.63,27.44,33.38
11/9/2025,Wednesday,301,Front Range Mart,Denver,CO,Mountain,Urban,Online,Health,231,850,7199.39,704.35,218.03,6277.01,4070.46,2206.55,27.17,35.15
11/10/2025,Wednesday,302,Pikes Peak Depot,Colorado Springs,CO,Mountain,Suburban,Online,Electronics,172,415,4537.11,175.39,0,4361.72,2937.85,1423.87,25.36,32.64
11/11/2025,Wednesday,401,Valley Sun Retail,Phoenix,AZ,Southwest,Urban,In-Store,Apparel,214,526,8490.31,802.1,113.17,7575.04,4689.56,2885.48,35.4,38.09
11/12/2025,Wednesday,402,Canyon Ridge Store,Tucson,AZ,Southwest,Suburban,In-Store,Sports,167,475,6469.55,488,13.14,5968.41,4121.83,1846.58,35.74,30.94
11/13/2025,Thursday,101,Rio Grande Market,Albuquerque,NM,Southwest,Urban,In-Store,Home,229,520,7523.46,658.99,136.09,6728.38,4213.68,2514.7,29.38,37.37
11/14/2025,Thursday,102,High Desert Outlet,Santa Fe,NM,Southwest,Urban,In-Store,Grocery,262,755,5955.78,647.35,129.43,5179,3760.76,1418.24,19.77,27.38
11/15/2025,Thursday,103,Mesa Valley Shop,Las Cruces,NM,Southwest,Suburban,In-Store,Grocery,154,334,4560.06,399.72,13.87,4146.47,3144.6,1001.87,26.93,24.16
11/16/2025,Thursday,104,Sandia Plaza,Rio Rancho,NM,Southwest,Suburban,In-Store,Sports,171,433,5397.54,250.73,115.95,5030.86,3044.63,1986.23,29.42,39.48
11/17/2025,Thursday,105,Enchanted Circle Store,Taos,NM,Southwest,Rural,Online,Health,72,171,2368.46,139.3,76.43,2152.73,1375.5,777.23,29.9,36.1
11/18/2025,Thursday,201,Lone Star Central,Austin,TX,South,Urban,In-Store,Health,210,397,4373.23,105.96,120.81,4146.46,2338.39,1808.07,19.75,43.61
11/19/2025,Thursday,202,Bayou Retail Hub,Houston,TX,South,Urban,In-Store,Apparel,206,799,6526,492.95,232.42,5800.63,3890.76,1909.87,28.16,32.93
11/20/2025,Thursday,203,Riverwalk Goods,San Antonio,TX,South,Urban,In-Store,Health,250,747,7563.6,490.84,79.17,6993.59,4588.86,2404.73,27.97,34.38
11/21/2025,Thursday,301,Front Range Mart,Denver,CO,Mountain,Urban,In-Store,Home,222,741,5925.01,380.33,83.98,5460.7,3605.97,1854.73,24.6,33.97
11/22/2025,Thursday,302,Pikes Peak Depot,Colorado Springs,CO,Mountain,Suburban,In-Store,Health,156,325,7377.56,466.3,39.88,6871.38,4174.88,2696.5,44.05,39.24
11/23/2025,Thursday,401,Valley Sun Retail,Phoenix,AZ,Southwest,Urban,In-Store,Grocery,267,900,8161.87,297.19,133.93,7730.75,5984.13,1746.62,28.95,22.59
11/24/2025,Thursday,402,Canyon Ridge Store,Tucson,AZ,Southwest,Suburban,Online,Electronics,115,272,2597.13,221.82,25.12,2350.19,1546.32,803.87,20.44,34.2
11/25/2025,Friday,101,Rio Grande Market,Albuquerque,NM,Southwest,Urban,In-Store,Apparel,219,763,10426.33,586.87,52.3,9787.16,6347.4,3439.76,44.69,35.15
11/26/2025,Friday,102,High Desert Outlet,Santa Fe,NM,Southwest,Urban,In-Store,Grocery,227,578,7604.72,480.66,142.01,6982.05,5278.01,1704.04,30.76,24.41
11/27/2025,Friday,103,Mesa Valley Shop,Las Cruces,NM,Southwest,Suburban,In-Store,Grocery,197,485,6188.5,294.47,0,5894.03,4538.3,1355.73,29.92,23
11/28/2025,Friday,104,Sandia Plaza,Rio Rancho,NM,Southwest,Suburban,Online,Apparel,182,479,6364.96,147.18,61.8,6155.98,4291.92,1864.06,33.82,30.28
11/29/2025,Friday,105,Enchanted Circle Store,Taos,NM,Southwest,Rural,In-Store,Grocery,114,224,3672.32,107.61,0,3564.71,2477.92,1086.79,31.27,30.49
11/30/2025,Friday,201,Lone Star Central,Austin,TX,South,Urban,Online,Health,249,555,7394.98,292.29,115.49,6987.2,4600.53,2386.67,28.06,34.16
12/1/2025,Friday,202,Bayou Retail Hub,Houston,TX,South,Urban,In-Store,Home,224,541,6570.89,476.94,127.25,5966.7,3650.22,2316.48,26.64,38.82
12/2/2025,Friday,203,Riverwalk Goods,San Antonio,TX,South,Urban,In-Store,Grocery,242,704,12711.18,820.04,365.43,11525.71,8743.72,2781.99,47.63,24.14
12/3/2025,Friday,301,Front Range Mart,Denver,CO,Mountain,Urban,In-Store,Health,203,446,6536.67,270.62,119.17,6146.88,4183.49,1963.39,30.28,31.94
12/4/2025,Friday,302,Pikes Peak Depot,Colorado Springs,CO,Mountain,Suburban,Online,Home,153,375,3466.62,334.51,,3082.81,1925.74,1157.07,20.15,37.53
12/5/2025,Friday,401,Valley Sun Retail,Phoenix,AZ,Southwest,Urban,In-Store,Grocery,227,504,7741.34,808.61,124.89,6807.84,5169.09,1638.75,29.99,24.07
12/6/2025,Friday,402,Canyon Ridge Store,Tucson,AZ,Southwest,Suburban,Online,Grocery,124,438,4977.16,358.53,117.1,4501.53,3374.3,1127.23,36.3,25.04
12/7/2025,Saturday,101,Rio Grande Market,Albuquerque,NM,Southwest,Urban,In-Store,Electronics,243,756,8416.22,487.22,45.86,7883.14,5311.94,2571.2,32.44,32.62
12/8/2025,Saturday,102,High Desert Outlet,Santa Fe,NM,Southwest,Urban,Online,Health,270,705,12665.37,482.91,244.23,11938.23,7331.55,4606.68,44.22,38.59
12/9/2025,Saturday,103,Mesa Valley Shop,Las Cruces,NM,Southwest,Suburban,In-Store,Health,218,849,8265.54,659.37,151.96,7454.21,4704.49,2749.72,34.19,36.89
12/10/2025,Saturday,104,Sandia Plaza,Rio Rancho,NM,Southwest,Suburban,In-Store,Home,181,379,7655.79,76.56,68.3,7510.93,5064.15,2446.78,41.5,32.58
12/11/2025,Saturday,105,Enchanted Circle Store,Taos,NM,Southwest,Rural,In-Store,Electronics,87,204,2884.76,249.25,31.97,2603.54,1796.08,807.46,29.93,31.01
12/12/2025,Saturday,201,Lone Star Central,Austin,TX,South,Urban,In-Store,Apparel,236,757,11756.41,965.34,173.5,10617.57,6040.76,4576.81,44.99,43.11
12/13/2025,Saturday,202,Bayou Retail Hub,Houston,TX,South,Urban,In-Store,Grocery,230,734,7689.24,584.65,160.45,6944.14,5168.44,1775.7,30.19,25.57
12/14/2025,Saturday,203,Riverwalk Goods,San Antonio,TX,South,Urban,In-Store,Health,247,657,12357.71,1055.56,207.56,11094.59,7376.9,3717.69,44.92,33.51
12/15/2025,Saturday,301,Front Range Mart,Denver,CO,Mountain,Urban,In-Store,Home,275,867,10866.89,682.03,148.59,10036.27,6821.5,3214.77,36.5,32.03
12/16/2025,Saturday,302,Pikes Peak Depot,Colorado Springs,CO,Mountain,Suburban,Online,Apparel,164,248,6136.29,330.99,86.49,5718.81,3932.89,1785.92,34.87,31.23
12/17/2025,Saturday,401,Valley Sun Retail,Phoenix,AZ,Southwest,Urban,In-Store,Health,277,659,11447.76,712.21,64.63,10670.92,6319.62,4351.3,38.52,40.78
12/18/2025,Saturday,402,Canyon Ridge Store,Tucson,AZ,Southwest,Suburban,In-Store,Grocery,215,598,9606.94,666.89,114.98,8825.07,6529.1,2295.97,41.05,26.02
12/19/2025,Sunday,101,Rio Grande Market,Albuquerque,NM,Southwest,Urban,Online,Health,233,481,9839.69,1193.74,137.32,8508.63,4724,3784.63,36.52,44.48
12/20/2025,Sunday,102,High Desert Outlet,Santa Fe,NM,Southwest,Urban,In-Store,Grocery,255,671,11932.98,503.33,207.44,11222.21,8651.91,2570.3,44.01,22.9
12/21/2025,Sunday,103,Mesa Valley Shop,Las Cruces,NM,Southwest,Suburban,In-Store,Health,213,607,7260.8,726.31,61.42,6473.07,4144.63,2328.44,30.39,35.97
12/22/2025,Sunday,104,Sandia Plaza,Rio Rancho,NM,Southwest,Suburban,In-Store,Grocery,143,361,5747.32,685.07,128.86,4933.39,3607.47,1325.92,34.5,26.88
12/23/2025,Sunday,105,Enchanted Circle Store,Taos,NM,Southwest,Rural,Online,Apparel,105,228,4457.11,288.48,68.8,4099.83,2298.53,1801.3,39.05,43.94
12/24/2025,Sunday,201,Lone Star Central,Austin,TX,South,Urban,In-Store,Sports,301,670,7309.47,417.52,59.03,6832.92,4097.72,2735.2,22.7,40.03
12/25/2025,Sunday,202,Bayou Retail Hub,Houston,TX,South,Urban,In-Store,Health,224,573,5376.44,498.94,64.02,4813.48,3060.45,1753.03,21.49,36.42
12/26/2025,Sunday,203,Riverwalk Goods,San Antonio,TX,South,Urban,Online,Grocery,240,398,8769.6,669.96,65.6,8034.04,5740.5,2293.54,33.48,28.55
12/27/2025,Sunday,301,Front Range Mart,Denver,CO,Mountain,Urban,Online,Electronics,286,746,14106.21,961.76,111.66,13032.79,8462.48,4570.31,45.57,35.07
12/28/2025,Sunday,302,Pikes Peak Depot,Colorado Springs,CO,Mountain,Suburban,In-Store,Grocery,150,410,5379.62,298.61,88.59,4992.42,3424.56,1567.86,33.28,31.4
12/29/2025,Sunday,401,Valley Sun Retail,Phoenix,AZ,Southwest,Urban,In-Store,Apparel,299,911,9989.13,432.17,128.75,9428.21,5285.94,4142.27,31.53,43.93
12/30/2025,Sunday,402,Canyon Ridge Store,Tucson,AZ,Southwest,Suburban,Online,Home,164,407,4744.45,176.91,138.11,4429.43,2442.92,1986.51,27.01,44.85
12/31/2025,Monday,101,Rio Grande Market,Albuquerque,NM,Southwest,Urban,In-Store,Grocery,237,643,9946.84,781.96,35.44,9129.44,6593.31,2536.13,38.52,27.78
1/1/2026,Monday,102,High Desert Outlet,Santa Fe,NM,Southwest,Urban,In-Store,Grocery,222,562,4437.68,331.92,20.96,4084.8,3075.52,1009.28,18.4,24.71
1/2/2026,Monday,103,Mesa Valley Shop,Las Cruces,NM,Southwest,Suburban,In-Store,Electronics,184,517,5121.97,631.33,128.08,4362.56,3035.49,1327.07,23.71,30.42
1/3/2026,Monday,104,Sandia Plaza,Rio Rancho,NM,Southwest,Suburban,Online,Electronics,143,392,4945.22,463.88,0,4481.34,3012.04,1469.3,31.34,32.79
1/4/2026,Monday,105,Enchanted Circle Store,Taos,NM,Southwest,Rural,In-Store,Grocery,120,379,2598.2,149.85,30.97,2417.38,1649.97,767.41,20.14,31.75
1/5/2026,Monday,201,Lone Star Central,Austin,TX,South,Urban,In-Store,Apparel,239,777,10789.76,210.37,74.89,10504.5,6731.99,3772.51,43.95,35.91
1/6/2026,Monday,202,Bayou Retail Hub,Houston,TX,South,Urban,In-Store,Home,189,435,6520.94,511.27,66.92,5942.75,4127.85,1814.9,31.44,30.54
1/7/2026,Monday,203,Riverwalk Goods,San Antonio,TX,South,Urban,In-Store,Grocery,219,521,7605.8,473.36,235.68,6896.76,5310.56,1586.2,31.49,23
1/8/2026,Monday,301,Front Range Mart,Denver,CO,Mountain,Urban,Online,Electronics,237,576,10528.65,853.76,146.63,9528.26,6106.15,3422.11,40.2,35.92
1/9/2026,Monday,302,Pikes Peak Depot,Colorado Springs,CO,Mountain,Suburban,In-Store,Electronics,171,342,5838.35,520.44,116.82,5201.09,3309.35,1891.74,30.42,36.37
1/10/2026,Monday,401,Valley Sun Retail,Phoenix,AZ,Southwest,Urban,In-Store,Home,200,457,7254.24,405.06,0,6849.18,3910.06,2939.12,34.25,42.91
1/11/2026,Monday,402,Canyon Ridge Store,Tucson,AZ,Southwest,Suburban,In-Store,Apparel,178,647,4682,482.38,161.92,4037.7,2342.66,1695.04,22.68,41.98
1/12/2026,Tuesday,101,Rio Grande Market,Albuquerque,NM,Southwest,Urban,In-Store,Home,208,529,12439.83,309.89,218.16,11911.78,8105.91,3805.87,57.27,31.95
1/13/2026,Tuesday,102,High Desert Outlet,Santa Fe,NM,Southwest,Urban,In-Store,Sports,231,636,7815.61,692.83,88.35,7034.43,4025.94,3008.49,30.45,42.77
1/14/2026,Tuesday,103,Mesa Valley Shop,Las Cruces,NM,Southwest,Suburban,In-Store,Health,169,436,6822.98,467.09,40.55,6315.34,3839.61,2475.73,37.37,39.2
1/15/2026,Tuesday,104,Sandia Plaza,Rio Rancho,NM,Southwest,Suburban,In-Store,Health,143,219,8147.23,556.89,145.47,7444.87,4948.45,2496.42,52.06,33.53
1/16/2026,Tuesday,105,Enchanted Circle Store,Taos,NM,Southwest,Rural,Online,Apparel,108,285,2985.84,195.46,62.51,2727.87,1879.39,848.48,25.26,31.1
1/17/2026,Tuesday,201,Lone Star Central,Austin,TX,South,Urban,In-Store,Grocery,146,378,4909.16,229.82,93.62,4585.72,3282.79,1302.93,31.41,28.41
1/18/2026,Tuesday,202,Bayou Retail Hub,Houston,TX,South,Urban,In-Store,Apparel,204,618,8467.26,723.04,188.4,7555.82,4317.6,3238.22,37.04,42.86
1/19/2026,Tuesday,203,Riverwalk Goods,San Antonio,TX,South,Urban,In-Store,Grocery,232,696,10011.48,806.36,257.31,8947.81,6520.83,2426.98,38.57,27.12
1/20/2026,Tuesday,301,Front Range Mart,Denver,CO,Mountain,Urban,In-Store,Grocery,215,478,6322.78,415.18,0,5907.6,4312.92,1594.68,27.48,26.99
1/21/2026,Tuesday,302,Pikes Peak Depot,Colorado Springs,CO,Mountain,Suburban,In-Store,Grocery,165,483,6249.09,136.06,46.07,6066.96,4296.02,1770.94,36.77,29.19
1/22/2026,Tuesday,401,Valley Sun Retail,Phoenix,AZ,Southwest,Urban,In-Store,Grocery,240,600,8246.37,82.46,128.64,8035.27,5984.52,2050.75,33.48,25.52
1/23/2026,Tuesday,402,Canyon Ridge Store,Tucson,AZ,Southwest,Suburban,In-Store,Grocery,166,199,5762.66,439.63,58.11,5264.92,3956.04,1308.88,31.72,24.86
1/24/2026,Wednesday,101,Rio Grande Market,Albuquerque,NM,Southwest,Urban,In-Store,Grocery,231,658,10558.19,1613.18,155.67,8789.34,6094.38,2694.96,38.05,30.66
1/25/2026,Wednesday,102,High Desert Outlet,Santa Fe,NM,Southwest,Urban,In-Store,Grocery,175,409,6394.49,447.65,95.32,5851.52,4140.63,1710.89,33.44,29.24
1/26/2026,Wednesday,103,Mesa Valley Shop,Las Cruces,NM,Southwest,Suburban,In-Store,Health,151,404,5622.03,247.29,8.67,5366.07,3203.56,2162.51,35.54,40.3
1/27/2026,Wednesday,104,Sandia Plaza,Rio Rancho,NM,Southwest,Suburban,In-Store,Grocery,139,379,4971.13,406.21,69.44,4495.48,3365.77,1129.71,32.34,25.13
1/28/2026,Wednesday,105,Enchanted Circle Store,Taos,NM,Southwest,Rural,In-Store,Sports,40,101,1451.45,141.93,35.78,1273.74,845.96,427.78,31.84,33.58
1/29/2026,Wednesday,201,Lone Star Central,Austin,TX,South,Urban,In-Store,Grocery,250,661,9023.89,798.37,244,7981.52,5714.81,2266.71,31.93,28.4
1/30/2026,Wednesday,202,Bayou Retail Hub,Houston,TX,South,Urban,In-Store,Health,220,638,5308.2,53.08,52.65,5202.47,3186.39,2016.08,23.65,38.75
1/31/2026,Wednesday,203,Riverwalk Goods,San Antonio,TX,South,Urban,In-Store,Grocery,216,596,8425.75,852.46,120,7453.29,5573.43,1879.86,34.51,25.22
2/1/2026,Wednesday,301,Front Range Mart,Denver,CO,Mountain,Urban,In-Store,Apparel,181,544,6930.85,297.6,21.53,6611.72,3834.02,2777.7,36.53,42.01
2/2/2026,Wednesday,302,Pikes Peak Depot,Colorado Springs,CO,Mountain,Suburban,In-Store,Grocery,201,489,7151.06,509.35,35.6,6606.11,5044.08,1562.03,32.87,23.65
2/3/2026,Wednesday,401,Valley Sun Retail,Phoenix,AZ,Southwest,Urban,In-Store,Sports,214,450,3888.64,249.92,57.58,3581.14,2248.44,1332.7,16.73,37.21
2/4/2026,Wednesday,402,Canyon Ridge Store,Tucson,AZ,Southwest,Suburban,In-Store,Grocery,153,307,6412.81,533.25,97.45,5782.11,3941.63,1840.48,37.79,31.83
2/5/2026,Thursday,101,Rio Grande Market,Albuquerque,NM,Southwest,Urban,In-Store,Grocery,236,683,7665.78,404.69,122.79,7138.3,5119.4,2018.9,30.25,28.28
2/6/2026,Thursday,102,High Desert Outlet,Santa Fe,NM,Southwest,Urban,Online,Health,258,692,8945.54,672.71,156.01,8116.82,5021.87,3094.95,31.46,38.13
2/7/2026,Thursday,103,Mesa Valley Shop,Las Cruces,NM,Southwest,Suburban,In-Store,Sports,119,260,3830.93,79.32,58.26,3693.35,2073.23,1620.12,31.04,43.87
2/8/2026,Thursday,104,Sandia Plaza,Rio Rancho,NM,Southwest,Suburban,In-Store,Home,165,325,4563.09,494.86,93.89,3974.34,2273.5,1700.84,24.09,42.8
2/9/2026,Thursday,105,Enchanted Circle Store,Taos,NM,Southwest,Rural,In-Store,Home,107,339,4053.96,160.32,51.32,3842.32,2626.31,1216.01,35.91,31.65
2/10/2026,Thursday,201,Lone Star Central,Austin,TX,South,Urban,In-Store,Grocery,231,563,8173.37,367.36,293.39,7512.62,5828.24,1684.38,32.52,22.42
2/11/2026,Thursday,202,Bayou Retail Hub,Houston,TX,South,Urban,In-Store,Home,179,481,9131.34,641.06,120.5,8369.78,5146.77,3223.01,46.76,38.51
2/12/2026,Thursday,203,Riverwalk Goods,San Antonio,TX,South,Urban,In-Store,Sports,254,479,8897.78,508.26,185.83,8203.69,4754.36,3449.33,32.3,42.05
2/13/2026,Thursday,301,Front Range Mart,Denver,CO,Mountain,Urban,In-Store,Apparel,180,509,9509.95,276.79,183.15,9050.01,5196.97,3853.04,50.28,42.57
2/14/2026,Thursday,302,Pikes Peak Depot,Colorado Springs,CO,Mountain,Suburban,In-Store,Home,160,560,5137.43,212.21,101.33,4823.89,3211.48,1612.41,30.15,33.43
2/15/2026,Thursday,401,Valley Sun Retail,Phoenix,AZ,Southwest,Urban,In-Store,Electronics,212,551,5703.13,502.65,58.74,5141.74,3103.04,2038.7,24.25,39.65
2/16/2026,Thursday,402,Canyon Ridge Store,Tucson,AZ,Southwest,Suburban,In-Store,Sports,166,605,5081.37,469.14,67.01,4545.22,2530.49,2014.73,27.38,44.33
2/17/2026,Friday,101,Rio Grande Market,Albuquerque,NM,Southwest,Urban,Online,Health,203,661,10046.93,522.31,0,9524.62,5597.14,3927.48,46.92,41.24
2/18/2026,Friday,102,High Desert Outlet,Santa Fe,NM,Southwest,Urban,In-Store,Grocery,245,395,10295.11,725.07,56.22,9513.82,6506.43,3007.39,38.83,31.61
2/19/2026,Friday,103,Mesa Valley Shop,Las Cruces,NM,Southwest,Suburban,In-Store,Grocery,149,438,5067.71,443.59,157.97,4466.15,3194.66,1271.49,29.97,28.47
2/20/2026,Friday,104,Sandia Plaza,Rio Rancho,NM,Southwest,Suburban,Online,Home,162,405,6376.03,168.74,94.87,6112.42,3532.49,2579.93,37.73,42.21
2/21/2026,Friday,105,Enchanted Circle Store,Taos,NM,Southwest,Rural,Online,Health,117,279,1693.01,128.62,46.32,1518.07,984.01,534.06,12.97,35.18
2/22/2026,Friday,201,Lone Star Central,Austin,TX,South,Urban,In-Store,Grocery,193,330,7097.42,570.85,71.88,6454.69,4658.07,1796.62,33.44,27.83
2/23/2026,Friday,202,Bayou Retail Hub,Houston,TX,South,Urban,In-Store,Apparel,203,531,5266.01,197.08,114.77,4954.16,3355.27,1598.89,24.4,32.27
2/24/2026,Friday,203,Riverwalk Goods,San Antonio,TX,South,Urban,In-Store,Electronics,191,331,5964.87,334.44,117.03,5513.4,3904.77,1608.63,28.87,29.18
2/25/2026,Friday,301,Front Range Mart,Denver,CO,Mountain,Urban,In-Store,Health,205,678,10277.32,1021.21,68.81,9187.3,5857.51,3329.79,44.82,36.24
2/26/2026,Friday,302,Pikes Peak Depot,Colorado Springs,CO,Mountain,Suburban,In-Store,Home,173,506,3972.15,232.29,69.52,3670.34,2298.86,1371.48,21.22,37.37
2/27/2026,Friday,401,Valley Sun Retail,Phoenix,AZ,Southwest,Urban,In-Store,Apparel,235,589,9428.64,911.09,163.12,8354.43,5674.78,2679.65,35.55,32.07
2/28/2026,Friday,402,Canyon Ridge Store,Tucson,AZ,Southwest,Suburban,In-Store,Apparel,172,519,4856.54,403.99,110.68,4341.87,2754.1,1587.77,25.24,36.57
3/1/2026,Saturday,101,Rio Grande Market,Albuquerque,NM,Southwest,Urban,Online,Health,259,760,7227.56,422,87.17,6718.39,3706.62,3011.77,25.94,44.83
3/2/2026,Saturday,102,High Desert Outlet,Santa Fe,NM,Southwest,Urban,In-Store,Grocery,257,473,8788.08,747.16,136.2,7904.72,5774.24,2130.48,30.76,26.95
3/3/2026,Saturday,103,Mesa Valley Shop,Las Cruces,NM,Southwest,Suburban,In-Store,Grocery,206,578,7429.83,402.84,75.87,6951.12,5332.49,1618.63,33.74,23.29
3/4/2026,Saturday,104,Sandia Plaza,Rio Rancho,NM,Southwest,Suburban,In-Store,Sports,167,522,6310.1,671.13,111.14,5527.83,3050.39,2477.44,33.1,44.82
3/5/2026,Saturday,105,Enchanted Circle Store,Taos,NM,Southwest,Rural,In-Store,Apparel,102,272,1843.43,151.64,0,1691.79,1033.14,658.65,16.59,38.93
3/6/2026,Saturday,201,Lone Star Central,Austin,TX,South,Urban,In-Store,Sports,287,669,6304.48,411.83,60,5832.65,3769.41,2063.24,20.32,35.37
3/7/2026,Saturday,202,Bayou Retail Hub,Houston,TX,South,Urban,In-Store,Electronics,287,954,9127.04,275.81,48.94,8802.29,6316.91,2485.38,30.67,28.24
3/8/2026,Saturday,203,Riverwalk Goods,San Antonio,TX,South,Urban,In-Store,Apparel,235,614,7365.1,464.65,42.41,6858.04,4496.7,2361.34,29.18,34.43
3/9/2026,Saturday,301,Front Range Mart,Denver,CO,Mountain,Urban,In-Store,Apparel,213,454,5109.23,258.01,29.54,4821.68,3352.42,1469.26,22.64,30.47
3/10/2026,Saturday,302,Pikes Peak Depot,Colorado Springs,CO,Mountain,Suburban,In-Store,Home,163,364,5832.68,312.63,71.65,5448.4,3506.3,1942.1,33.43,35.65
3/11/2026,Saturday,401,Valley Sun Retail,Phoenix,AZ,Southwest,Urban,In-Store,Home,227,684,9751.6,346.69,36.81,9368.1,6369.51,2998.59,41.27,32.01
3/12/2026,Saturday,402,Canyon Ridge Store,Tucson,AZ,Southwest,Suburban,In-Store,Electronics,165,474,5889.52,597.31,157.23,5134.98,3090.47,2044.51,31.12,39.82
3/13/2026,Sunday,101,Rio Grande Market,Albuquerque,NM,Southwest,Urban,In-Store,Sports,221,631,9272.11,631.75,191.43,8448.93,4776.04,3672.89,38.23,43.47
3/14/2026,Sunday,102,High Desert Outlet,Santa Fe,NM,Southwest,Urban,In-Store,Grocery,234,605,8298.74,548.18,193.03,7557.53,5467.42,2090.11,32.3,27.66
3/15/2026,Sunday,103,Mesa Valley Shop,Las Cruces,NM,Southwest,Suburban,In-Store,Apparel,232,763,5330.29,483.41,95.64,4751.24,2622.98,2128.26,20.48,44.79
3/16/2026,Sunday,104,Sandia Plaza,Rio Rancho,NM,Southwest,Suburban,In-Store,Apparel,182,401,4996.84,339.71,39.19,4617.94,2960.14,1657.8,25.37,35.9
3/17/2026,Sunday,105,Enchanted Circle Store,Taos,NM,Southwest,Rural,Online,Apparel,97,263,3117.55,262.37,61.8,2793.38,1845.55,947.83,28.8,33.93
3/18/2026,Sunday,201,Lone Star Central,Austin,TX,South,Urban,In-Store,Grocery,228,505,8625.48,881.43,333.28,7410.77,5312.37,2098.4,32.5,28.32
3/19/2026,Sunday,202,Bayou Retail Hub,Houston,TX,South,Urban,In-Store,Electronics,267,790,8889.42,1009.82,79.48,7800.12,5287.85,2512.27,29.21,32.21
3/20/2026,Sunday,203,Riverwalk Goods,San Antonio,TX,South,Urban,In-Store,Grocery,302,702,12329.7,872.47,0,11457.23,8353.58,3103.65,37.94,27.09
3/21/2026,Sunday,301,Front Range Mart,Denver,CO,Mountain,Urban,In-Store,Health,247,820,6191.53,584.46,141.81,5465.26,3567.56,1897.7,22.13,34.72
3/22/2026,Sunday,302,Pikes Peak Depot,Colorado Springs,CO,Mountain,Suburban,In-Store,Grocery,197,479,5515.28,874.02,151.38,4489.88,3211.97,1277.91,22.79,28.46
3/23/2026,Sunday,401,Valley Sun Retail,Phoenix,AZ,Southwest,Urban,Online,Sports,271,778,10756.33,670.67,170.58,9915.08,6756.61,3158.47,36.59,31.86
3/24/2026,Sunday,402,Canyon Ridge Store,Tucson,AZ,Southwest,Suburban,In-Store,Apparel,133,330,3597.47,291.48,42.68,3263.31,2204.97,1058.34,24.54,32.43
3/25/2026,Monday,101,Rio Grande Market,Albuquerque,NM,Southwest,Urban,In-Store,Grocery,230,667,12273.53,442.75,252.28,11578.5,8009.49,3569.01,50.34,30.82
3/26/2026,Monday,102,High Desert Outlet,Santa Fe,NM,Southwest,Urban,In-Store,Grocery,197,608,8250.31,401.89,19.92,7828.5,5497.46,2331.04,39.74,29.78
3/27/2026,Monday,103,Mesa Valley Shop,Las Cruces,NM,Southwest,Suburban,In-Store,Electronics,220,619,5374.77,285.17,135.52,4954.08,3227.45,1726.63,22.52,34.85
3/28/2026,Monday,104,Sandia Plaza,Rio Rancho,NM,Southwest,Suburban,In-Store,Health,212,749,7325.52,73.26,110.13,7142.13,4604.62,2537.51,33.69,35.53
3/29/2026,Monday,105,Enchanted Circle Store,Taos,NM,Southwest,Rural,In-Store,Electronics,69,182,1560.09,121.16,7.87,1431.06,1012.45,418.61,20.74,29.25
3/30/2026,Monday,201,Lone Star Central,Austin,TX,South,Urban,In-Store,Apparel,236,618,5483.45,814.97,21.28,4647.2,3035.99,1611.21,19.69,34.67
3/31/2026,Monday,202,Bayou Retail Hub,Houston,TX,South,Urban,Online,Electronics,227,789,8834.56,721.56,229.39,7883.61,4903.71,2979.9,34.73,37.8
4/1/2026,Monday,203,Riverwalk Goods,San Antonio,TX,South,Urban,In-Store,Grocery,204,448,7460.1,512.62,116.23,6831.25,5244.59,1586.66,33.49,23.23
4/2/2026,Monday,301,Front Range Mart,Denver,CO,Mountain,Urban,In-Store,Grocery,241,355,7734.33,590.43,0,7143.9,5108.26,2035.64,29.64,28.49
4/3/2026,Monday,302,Pikes Peak Depot,Colorado Springs,CO,Mountain,Suburban,In-Store,Apparel,175,400,5529.11,535.84,153.43,4839.84,2667.98,2171.86,27.66,44.87
4/4/2026,Monday,401,Valley Sun Retail,Phoenix,AZ,Southwest,Urban,Online,Health,236,479,8336.98,581.96,63.85,7691.17,4903.56,2787.61,32.59,36.24
4/5/2026,Monday,402,Canyon Ridge Store,Tucson,AZ,Southwest,Suburban,Online,Apparel,162,478,6252.03,514.5,39.94,5697.59,3768.03,1929.56,35.17,33.87
4/6/2026,Tuesday,101,Rio Grande Market,Albuquerque,NM,Southwest,Urban,Online,Health,208,490,8188,686.94,262.01,7239.05,4609.98,2629.07,34.8,36.32
4/7/2026,Tuesday,102,High Desert Outlet,Santa Fe,NM,Southwest,Urban,In-Store,Grocery,246,512,9847.71,438.92,83.5,9325.29,6566.4,2758.89,37.91,29.59
4/8/2026,Tuesday,103,Mesa Valley Shop,Las Cruces,NM,Southwest,Suburban,In-Store,Health,150,284,4756.31,461.69,28.17,4266.45,2768.61,1497.84,28.44,35.11
4/9/2026,Tuesday,104,Sandia Plaza,Rio Rancho,NM,Southwest,Suburban,In-Store,Grocery,197,447,7498.2,563.53,153.96,6780.71,4793.63,1987.08,34.42,29.3
4/10/2026,Tuesday,105,Enchanted Circle Store,Taos,NM,Southwest,Rural,In-Store,Health,109,231,3520.04,102.03,72.24,3345.77,1934.38,1411.39,30.7,42.18
4/11/2026,Tuesday,201,Lone Star Central,Austin,TX,South,Urban,In-Store,Grocery,235,641,7396.6,595.35,0,6801.25,5078.39,1722.86,28.94,25.33
4/12/2026,Tuesday,202,Bayou Retail Hub,Houston,TX,South,Urban,Online,Grocery,236,577,8264.68,759.99,151.66,7353.03,5424.11,1928.92,31.16,26.23
4/13/2026,Tuesday,203,Riverwalk Goods,San Antonio,TX,South,Urban,Online,Grocery,227,676,9746.25,384.97,122.41,9238.87,6615.43,2623.44,40.7,28.4
4/14/2026,Tuesday,301,Front Range Mart,Denver,CO,Mountain,Urban,In-Store,Health,228,755,9686.73,296.74,205.56,9184.43,5105.08,4079.35,40.28,44.42
4/15/2026,Tuesday,302,Pikes Peak Depot,Colorado Springs,CO,Mountain,Suburban,In-Store,Home,193,539,7940.65,615.24,202.1,7123.31,4976.36,2146.95,36.91,30.14
4/16/2026,Tuesday,401,Valley Sun Retail,Phoenix,AZ,Southwest,Urban,In-Store,Grocery,211,713,6274.68,727.68,117.19,5429.81,4232.88,1196.93,25.73,22.04
4/17/2026,Tuesday,402,Canyon Ridge Store,Tucson,AZ,Southwest,Suburban,In-Store,Apparel,107,311,4006.71,515.36,39.84,3451.51,2091.51,1360,32.26,39.4
4/18/2026,Wednesday,101,Rio Grande Market,Albuquerque,NM,Southwest,Urban,In-Store,Grocery,269,699,11452.91,1262.62,312.76,9877.53,7413.22,2464.31,36.72,24.95
4/19/2026,Wednesday,102,High Desert Outlet,Santa Fe,NM,Southwest,Urban,Online,Health,262,941,8044.33,938.17,189.36,6916.8,4637.17,2279.63,26.4,32.96
4/20/2026,Wednesday,103,Mesa Valley Shop,Las Cruces,NM,Southwest,Suburban,In-Store,Home,161,463,2594.7,158.54,48.94,2387.22,1525.26,861.96,14.83,36.11
4/21/2026,Wednesday,104,Sandia Plaza,Rio Rancho,NM,Southwest,Suburban,In-Store,Health,154,364,4881.68,370.28,36.21,4475.19,3054.04,1421.15,29.06,31.76
4/22/2026,Wednesday,105,Enchanted Circle Store,Taos,NM,Southwest,Rural,In-Store,Sports,66,192,2228.76,102.23,39.07,2087.46,1293.71,793.75,31.63,38.02
4/23/2026,Wednesday,201,Lone Star Central,Austin,TX,South,Urban,Online,Grocery,240,562,8524.69,544.08,64.23,7916.38,5550.01,2366.37,32.98,29.89
4/24/2026,Wednesday,202,Bayou Retail Hub,Houston,TX,South,Urban,In-Store,Grocery,215,392,6652,408.79,95.67,6147.54,4671.08,1476.46,28.59,24.02
4/25/2026,Wednesday,203,Riverwalk Goods,San Antonio,TX,South,Urban,In-Store,Apparel,231,461,6153.66,288.61,12.55,5852.5,3273.8,2578.7,25.34,44.06
4/26/2026,Wednesday,301,Front Range Mart,Denver,CO,Mountain,Urban,Online,Grocery,234,543,7386.86,311.72,108.48,6966.66,5129.84,1836.82,29.77,26.37
4/27/2026,Wednesday,302,Pikes Peak Depot,Colorado Springs,CO,Mountain,Suburban,In-Store,Grocery,138,333,4847.54,390.2,24.04,4433.3,3230.92,1202.38,32.13,27.12
4/28/2026,Wednesday,401,Valley Sun Retail,Phoenix,AZ,Southwest,Urban,In-Store,Home,217,473,9324.6,498.99,302.01,8523.6,5541.04,2982.56,39.28,34.99
4/29/2026,Wednesday,402,Canyon Ridge Store,Tucson,AZ,Southwest,Suburban,In-Store,Grocery,151,428,5393.18,332.4,126.48,4934.3,3596.8,1337.5,32.68,27.11
4/30/2026,Thursday,101,Rio Grande Market,Albuquerque,NM,Southwest,Urban,In-Store,Electronics,218,752,10383.19,707.51,0,9675.68,6690.67,2985.01,44.38,30.85
5/1/2026,Thursday,102,High Desert Outlet,Santa Fe,NM,Southwest,Urban,Online,Home,196,485,6372.14,810.05,199.19,5362.9,3468.25,1894.65,27.36,35.33
5/2/2026,Thursday,103,Mesa Valley Shop,Las Cruces,NM,Southwest,Suburban,In-Store,Grocery,167,307,7288.83,254.87,66.41,6967.55,4865.33,2102.22,41.72,30.17
5/3/2026,Thursday,104,Sandia Plaza,Rio Rancho,NM,Southwest,Suburban,Online,Electronics,139,323,5651.49,208.28,97.24,5345.97,3719.34,1626.63,38.46,30.43
5/4/2026,Thursday,105,Enchanted Circle Store,Taos,NM,Southwest,Rural,Online,Grocery,77,191,2687.78,203.8,10.69,2473.29,1898.02,575.27,32.12,23.26
5/5/2026,Thursday,201,Lone Star Central,Austin,TX,South,Urban,In-Store,Apparel,237,516,7104.79,611.33,193.89,6299.57,3608.44,2691.13,26.58,42.72
5/6/2026,Thursday,202,Bayou Retail Hub,Houston,TX,South,Urban,Online,Grocery,167,385,5695.9,243.27,32.1,5420.53,4178.38,1242.15,32.46,22.92
5/7/2026,Thursday,203,Riverwalk Goods,San Antonio,TX,South,Urban,In-Store,Home,203,300,3730.48,37.3,37.31,3655.87,2558.87,1097,18.01,30.01
5/8/2026,Thursday,301,Front Range Mart,Denver,CO,Mountain,Urban,In-Store,Home,206,678,6581.06,536.29,108.01,5936.76,4076.13,1860.63,28.82,31.34
5/9/2026,Thursday,302,Pikes Peak Depot,Colorado Springs,CO,Mountain,Suburban,In-Store,Health,106,302,6113.09,61.13,197.13,5854.83,3361.27,2493.56,55.23,42.59
5/10/2026,Thursday,401,Valley Sun Retail,Phoenix,AZ,Southwest,Urban,In-Store,Health,218,520,6704.14,535.56,72.66,6095.92,3711.28,2384.64,27.96,39.12
5/11/2026,Thursday,402,Canyon Ridge Store,Tucson,AZ,Southwest,Suburban,In-Store,Sports,131,305,4529.33,410.2,151.67,3967.46,2412.61,1554.85,30.29,39.19